{
    "addontype": "elementor",
    "cattitle": "Timelines",
    "name": "blox_alternating_date_circle_timeline_elementor",
    "alias": "blox_alternating_date_circle_timeline",
    "title": "Alternating Date Circle Timeline",
    "description": "",
    "config": {
        "options": {
            "enable_items": "true",
            "path_assets": "blox-alternating-date-circle-timeline",
            "description": "",
            "link_resource": "",
            "show_small_icon": "true",
            "preview_size_unite_selected_text": "Full Size",
            "preview_size": "full",
            "preview_custom_width": "",
            "preview_bgcol": "#ffffff",
            "is_free_addon": "false"
        },
        "params": [
            {
                "type": "uc_colorpicker",
                "title": "Date Border Color",
                "name": "date_border_color",
                "description": "",
                "admin_label": "false",
                "default_value": "#d6e3ec",
                "value": "#d6e3ec"
            }
        ],
        "params_items": [
            {
                "type": "uc_textfield",
                "title": "Title",
                "name": "title",
                "description": "",
                "admin_label": "false",
                "default_value": "Lorem Ipsum",
                "font_editable": "true"
            },
            {
                "type": "uc_textarea",
                "title": "Description",
                "name": "description",
                "description": "",
                "admin_label": "false",
                "default_value": "Lorem ipsum Nisi labore aute do aute culpa magna nulla voluptate exercitation deserunt proident.",
                "font_editable": "true"
            },
            {
                "type": "uc_textfield",
                "title": "Year",
                "name": "year",
                "description": "",
                "admin_label": "false",
                "default_value": "2019",
                "font_editable": "true"
            },
            {
                "type": "uc_textfield",
                "title": "Month",
                "name": "month",
                "description": "",
                "admin_label": "false",
                "default_value": "DEC",
                "font_editable": "true"
            },
            {
                "type": "uc_textfield",
                "title": "Day",
                "name": "day",
                "description": "",
                "admin_label": "false",
                "default_value": "30",
                "font_editable": "true"
            }
        ],
        "includes": {
            "js": [],
            "jslib": [],
            "css": [
                {
                    "url": "blox-alternating-date-circle-timeline\/blox-alternating-date-circle-timeline.css",
                    "condition": ""
                }
            ]
        },
        "variables_item": "",
        "variables_main": ""
    },
    "templates": [
        "html",
        "html_item"
    ]
}