{
    "config": {
        "date_border_color": "#d6e3ec"
    },
    "items": [
        {
            "title": "Lorem Ipsum",
            "description": "Lorem ipsum Nisi labore aute do aute culpa magna nulla voluptate exercitation deserunt proident.",
            "year": "2019",
            "month": "DEC",
            "day": "30"
        },
        {
            "title": "Lorem Ipsum",
            "description": "Lorem ipsum Nisi labore aute do aute culpa magna nulla voluptate exercitation deserunt proident.",
            "year": "2019",
            "month": "DEC",
            "day": "30"
        },
        {
            "title": "Lorem Ipsum",
            "description": "Lorem ipsum Nisi labore aute do aute culpa magna nulla voluptate exercitation deserunt proident.",
            "year": "2019",
            "month": "DEC",
            "day": "30"
        },
        {
            "title": "Lorem Ipsum",
            "description": "Lorem ipsum Nisi labore aute do aute culpa magna nulla voluptate exercitation deserunt proident.",
            "year": "2019",
            "month": "DEC",
            "day": "30"
        }
    ]
}