{
    "addontype": "elementor",
    "cattitle": "Carousel",
    "name": "uc_side_carousel_elementor",
    "alias": "uc_side_carousel",
    "title": "Side Carousel",
    "description": "",
    "config": {
        "options": {
            "enable_items": "true",
            "path_assets": "uc_side_carousel",
            "description": "",
            "link_resource": "",
            "show_small_icon": "true",
            "preview_size_unite_selected_text": "Full Size",
            "preview_size": "full",
            "preview_custom_width": "",
            "preview_bgcol": "#ffffff",
            "is_free_addon": "false"
        },
        "params": [
            {
                "type": "uc_radioboolean",
                "title": "Loop",
                "name": "loop",
                "description": "",
                "admin_label": "false",
                "default_value": "true",
                "true_name": "Yes",
                "true_value": "true",
                "false_name": "No",
                "false_value": "false"
            },
            {
                "type": "uc_radioboolean",
                "title": "Autoplay",
                "name": "autoplay",
                "description": "",
                "admin_label": "false",
                "default_value": "true",
                "true_name": "Yes",
                "true_value": "true",
                "false_name": "No",
                "false_value": "false"
            },
            {
                "type": "uc_number",
                "title": "Margin",
                "name": "margin",
                "description": "",
                "admin_label": "false",
                "default_value": "30",
                "unit": "",
                "unit_custom": ""
            },
            {
                "type": "uc_number",
                "title": "Number or items on desktop",
                "name": "desktop",
                "description": "",
                "admin_label": "false",
                "default_value": "2",
                "unit": "",
                "unit_custom": ""
            },
            {
                "type": "uc_number",
                "title": "Number or items on tablet",
                "name": "tablet",
                "description": "",
                "admin_label": "false",
                "default_value": "2",
                "unit": "",
                "unit_custom": ""
            },
            {
                "type": "uc_number",
                "title": "Number or items on mobile",
                "name": "mobile",
                "description": "",
                "admin_label": "false",
                "default_value": "1",
                "unit": "",
                "unit_custom": ""
            }
        ],
        "params_items": [
            {
                "type": "uc_textfield",
                "title": "Title",
                "name": "title",
                "description": "",
                "admin_label": "false",
                "default_value": "Default Title",
                "font_editable": "true"
            },
            {
                "type": "uc_textfield",
                "title": "Content",
                "name": "content",
                "description": "",
                "admin_label": "false",
                "default_value": "Lorem ipsum dolor sit amet, consectetur adipisi cing elit, sed do eius mod tempor incididunt ut ",
                "font_editable": "true"
            },
            {
                "type": "uc_textfield",
                "title": "Button",
                "name": "button",
                "description": "",
                "admin_label": "false",
                "default_value": "Learn More",
                "font_editable": "true"
            },
            {
                "type": "uc_image",
                "title": "Image",
                "name": "image",
                "description": "",
                "add_thumb": "false",
                "add_thumb_large": "false",
                "default_value": "[url_assets]\/img2.jpg"
            },
            {
                "type": "uc_colorpicker",
                "title": "Backgrounf Color",
                "name": "bg_color",
                "description": "",
                "default_value": "#ffffff"
            },
            {
                "type": "uc_colorpicker",
                "title": "Tittle Color",
                "name": "tittle_color",
                "description": "",
                "default_value": "#343434"
            },
            {
                "type": "uc_colorpicker",
                "title": "Contebt Color",
                "name": "content_color",
                "description": "",
                "default_value": "#838383"
            },
            {
                "type": "uc_colorpicker",
                "title": "Button_color",
                "name": "button_color",
                "description": "",
                "default_value": "#343434"
            },
            {
                "type": "uc_textfield",
                "title": "Link",
                "name": "link",
                "description": "",
                "default_value": "#"
            },
            {
                "type": "uc_colorpicker",
                "title": "Button Hover Color",
                "name": "btn_hover_coloe",
                "description": "",
                "default_value": "#ffffff"
            }
        ],
        "includes": {
            "js": [],
            "jslib": [
                "jquery",
                "owl-carousel"
            ],
            "css": [
                {
                    "url": "uc_side_carousel\/uc_side_carousel.css",
                    "condition": ""
                },
                {
                    "url": "uc_side_carousel\/owl.carousel.css",
                    "condition": ""
                }
            ]
        },
        "variables_item": "",
        "variables_main": ""
    },
    "templates": [
        "html",
        "html_item",
        "css",
        "js"
    ]
}