{
    "config": [],
    "items": [
        {
            "title": "Default Title",
            "content": "Lorem ipsum dolor sit amet, consectetur adipisi cing elit, sed do eius mod tempor incididunt ut ",
            "button": "Learn More",
            "image": "[url_assets]\/img2.jpg",
            "bg_color": "#ffffff",
            "tittle_color": "#343434",
            "content_color": "#838383",
            "button_color": "#343434",
            "link": "#",
            "btn_hover_coloe": "#ffffff"
        },
        {
            "title": "Default Title",
            "content": "Lorem ipsum dolor sit amet, consectetur adipisi cing elit, sed do eius mod tempor incididunt ut ",
            "button": "Learn More",
            "image": "[url_assets]\/img2.jpg",
            "bg_color": "#ffffff",
            "tittle_color": "#343434",
            "content_color": "#838383",
            "button_color": "#343434",
            "link": "#",
            "btn_hover_coloe": "#ffffff"
        },
        {
            "title": "Default Title",
            "content": "Lorem ipsum dolor sit amet, consectetur adipisi cing elit, sed do eius mod tempor incididunt ut ",
            "button": "Learn More",
            "image": "[url_assets]\/img2.jpg",
            "bg_color": "#ffffff",
            "tittle_color": "#343434",
            "content_color": "#838383",
            "button_color": "#343434",
            "link": "#",
            "btn_hover_coloe": "#ffffff"
        },
        {
            "title": "Default Title",
            "content": "Lorem ipsum dolor sit amet, consectetur adipisi cing elit, sed do eius mod tempor incididunt ut ",
            "button": "Learn More",
            "image": "[url_assets]\/img2.jpg",
            "bg_color": "#ffffff",
            "tittle_color": "#343434",
            "content_color": "#838383",
            "button_color": "#343434",
            "link": "#",
            "btn_hover_coloe": "#ffffff"
        },
        {
            "title": "Default Title",
            "content": "Lorem ipsum dolor sit amet, consectetur adipisi cing elit, sed do eius mod tempor incididunt ut ",
            "button": "Learn More",
            "image": "[url_assets]\/img2.jpg",
            "bg_color": "#ffffff",
            "tittle_color": "#343434",
            "content_color": "#838383",
            "button_color": "#343434",
            "link": "#",
            "btn_hover_coloe": "#ffffff"
        },
        {
            "title": "Default Title",
            "content": "Lorem ipsum dolor sit amet, consectetur adipisi cing elit, sed do eius mod tempor incididunt ut ",
            "button": "Learn More",
            "image": "[url_assets]\/img2.jpg",
            "bg_color": "#ffffff",
            "tittle_color": "#343434",
            "content_color": "#838383",
            "button_color": "#343434",
            "link": "#",
            "btn_hover_coloe": "#ffffff"
        }
    ]
}