{
    "addontype": "elementor",
    "cattitle": "Block Quotes",
    "name": "blox_blockquote_carousel_elementor",
    "alias": "blox_blockquote_carousel",
    "title": "Block Quote Carousel",
    "description": "",
    "config": {
        "options": {
            "enable_items": "true",
            "path_assets": "blox-blockquote-carousel",
            "description": "",
            "link_resource": "",
            "show_small_icon": "true",
            "preview_size_unite_selected_text": "Full Size",
            "preview_size": "full",
            "preview_custom_width": "",
            "preview_bgcol": "#ffffff",
            "is_free_addon": "true"
        },
        "params": [
            {
                "type": "uc_colorpicker",
                "title": "Icon Background Color",
                "name": "icon_bg_color",
                "description": "",
                "admin_label": "false",
                "default_value": "#7500e6"
            },
            {
                "type": "uc_icon",
                "title": "Icon",
                "name": "icon",
                "description": "",
                "admin_label": "false",
                "default_value": "fa fa-quote-left"
            },
            {
                "type": "uc_dropdown",
                "title": "Autoplay",
                "name": "autoplay",
                "description": "",
                "admin_label": "false",
                "options": {
                    "False": "false",
                    "True": "true"
                },
                "default_value": "false"
            }
        ],
        "params_items": [
            {
                "type": "uc_textfield",
                "title": "Title",
                "name": "title",
                "description": "",
                "admin_label": "false",
                "default_value": "Jhon Bradley, Graduate",
                "font_editable": "true"
            },
            {
                "type": "uc_textarea",
                "title": "Description",
                "name": "description",
                "description": "",
                "admin_label": "false",
                "default_value": "\"Lorem ipsum dolor sit amet, consectetur adipiscing elit. Nulla pellentesque, libero hendrerit posuere tincidunt, nisi tellus luctus lectus.\"",
                "font_editable": "true"
            }
        ],
        "includes": {
            "js": [
                {
                    "url": "blox-blockquote-carousel\/slick.js",
                    "condition": ""
                }
            ],
            "jslib": [
                "jquery",
                "font-awsome"
            ],
            "css": [
                {
                    "url": "blox-blockquote-carousel\/slick.css",
                    "condition": ""
                },
                {
                    "url": "blox-blockquote-carousel\/blox-blockquote-carousel.css",
                    "condition": ""
                }
            ]
        },
        "variables_item": "",
        "variables_main": ""
    },
    "templates": [
        "html",
        "html_item",
        "css",
        "js"
    ]
}