{
    "config": [],
    "items": [
        {
            "title": "Jhon Bradley, Graduate",
            "description": "\"Lorem ipsum dolor sit amet, consectetur adipiscing elit. Nulla pellentesque, libero hendrerit posuere tincidunt, nisi tellus luctus lectus.\""
        },
        {
            "title": "Jhon Bradley, Graduate",
            "description": "\"Lorem ipsum dolor sit amet, consectetur adipiscing elit. Nulla pellentesque, libero hendrerit posuere tincidunt, nisi tellus luctus lectus.\""
        },
        {
            "title": "Jhon Bradley, Graduate",
            "description": "\"Lorem ipsum dolor sit amet, consectetur adipiscing elit. Nulla pellentesque, libero hendrerit posuere tincidunt, nisi tellus luctus lectus.\""
        },
        {
            "title": "Jhon Bradley, Graduate",
            "description": "\"Lorem ipsum dolor sit amet, consectetur adipiscing elit. Nulla pellentesque, libero hendrerit posuere tincidunt, nisi tellus luctus lectus.\""
        }
    ]
}