{
    "addontype": "elementor",
    "cattitle": "Testimonials",
    "name": "uc_client_testimonial_carousel_elementor",
    "alias": "uc_client_testimonial_carousel",
    "title": "Client Testimonial Carousel",
    "description": "",
    "config": {
        "options": {
            "enable_items": "true",
            "path_assets": "uc_client_testimonial_carousel",
            "description": "",
            "link_resource": "",
            "show_small_icon": "true",
            "preview_size_unite_selected_text": "Full Size",
            "preview_size": "full",
            "preview_custom_width": "",
            "preview_bgcol": "#ffffff",
            "is_free_addon": "false"
        },
        "params": [
            {
                "type": "uc_radioboolean",
                "title": "Direction",
                "name": "direction",
                "description": "",
                "admin_label": "false",
                "default_value": "ltr",
                "true_name": "LTR",
                "true_value": "ltr",
                "false_name": "RTL",
                "false_value": "rtl"
            },
            {
                "type": "uc_colorpicker",
                "title": "Dot Color",
                "name": "dots_color",
                "description": "",
                "admin_label": "false",
                "default_value": "#ffba00"
            },
            {
                "type": "uc_colorpicker",
                "title": "Quote Color",
                "name": "quote_color",
                "description": "",
                "admin_label": "false",
                "default_value": "#ffba00"
            }
        ],
        "params_items": [
            {
                "type": "uc_image",
                "title": "Image",
                "name": "image",
                "description": "",
                "admin_label": "false",
                "add_thumb": "false",
                "add_thumb_large": "false",
                "default_value": "[url_assets]\/2.jpg"
            },
            {
                "type": "uc_textfield",
                "title": "Name",
                "name": "title",
                "description": "",
                "admin_label": "false",
                "default_value": "John Dowson",
                "font_editable": "true"
            },
            {
                "type": "uc_textfield",
                "title": "Job",
                "name": "job",
                "description": "",
                "admin_label": "false",
                "default_value": "CEO Of iFin, Financial Corp.",
                "font_editable": "true"
            },
            {
                "type": "uc_textarea",
                "title": "Content",
                "name": "content",
                "description": "",
                "admin_label": "false",
                "default_value": "Far far away, behind the word mountains, far from the countries Vokalia and Consonantia, there\nlive the blind texts. Separated they live in Bookmarksgrove right at the coast of the Semantics, a\nlarge language ocean. A small river named Duden flows by their place and supplies it with the\nnecessary regelialia. It is a paradisematic country, in which roasted parts.",
                "font_editable": "true"
            }
        ],
        "includes": {
            "js": [],
            "jslib": [
                "jquery",
                "owl-carousel"
            ],
            "css": [
                {
                    "url": "uc_client_testimonial_carousel\/uc_client_testimonial_carousel.css",
                    "condition": ""
                }
            ]
        },
        "variables_item": "",
        "variables_main": ""
    },
    "templates": [
        "html",
        "html_item",
        "css",
        "js"
    ]
}