{
    "config": [],
    "items": [
        {
            "image": "[url_assets]\/1.jpg",
            "title": "John Dowson",
            "name_color": "#000000",
            "job": "CEO Of iFin, Financial Corp.",
            "job_color": "#b1a17d",
            "content": "Far far away, behind the word mountains, far from the countries Vokalia and Consonantia, there\nlive the blind texts. Separated they live in Bookmarksgrove right at the coast of the Semantics, a\nlarge language ocean. A small river named Duden flows by their place and supplies it with the\nnecessary regelialia. It is a paradisematic country, in which roasted parts.",
            "content_color": "#111"
        },
        {
            "image": "[url_assets]\/2.jpg",
            "title": "Janete Jones",
            "name_color": "#000000",
            "job": "CFO Of Apple",
            "job_color": "#b1a17d",
            "content": "Far far away, behind the word mountains, far from the countries Vokalia and Consonantia, there\nlive the blind texts. Separated they live in Bookmarksgrove right at the coast of the Semantics, a\nlarge language ocean. A small river named Duden flows by their place and supplies it with the\nnecessary regelialia. It is a paradisematic country, in which roasted parts.",
            "content_color": "#111"
        },
        {
            "image": "[url_assets]\/3.jpg",
            "title": "Jame Gordon",
            "name_color": "#000000",
            "job": "Accountant",
            "job_color": "#b1a17d",
            "content": "Far far away, behind the word mountains, far from the countries Vokalia and Consonantia, there\nlive the blind texts. Separated they live in Bookmarksgrove right at the coast of the Semantics, a\nlarge language ocean. A small river named Duden flows by their place and supplies it with the\nnecessary regelialia. It is a paradisematic country, in which roasted parts.",
            "content_color": "#111"
        }
    ]
}