{
    "addontype": "elementor",
    "cattitle": "Testimonials",
    "name": "responsive_testemonial_carousel_elementor",
    "alias": "responsive_testemonial_carousel",
    "title": "Responsive Testimonial Carousel",
    "description": "",
    "config": {
        "options": {
            "enable_items": "true",
            "path_assets": "responsive_testemonial_carousel",
            "description": "",
            "link_resource": "",
            "show_small_icon": "true",
            "preview_size_unite_selected_text": "Full Size",
            "preview_size": "full",
            "preview_custom_width": "",
            "preview_bgcol": "#ffffff",
            "is_free_addon": "false"
        },
        "params": [
            {
                "type": "uc_colorpicker",
                "title": "Color",
                "name": "color",
                "description": "",
                "admin_label": "false",
                "default_value": "#00bcd4",
                "value": "#00bcd4"
            },
            {
                "type": "uc_number",
                "title": "Border Radius",
                "name": "border_radius",
                "description": "",
                "admin_label": "false",
                "default_value": "0",
                "unit": "",
                "unit_custom": "",
                "value": "0"
            },
            {
                "type": "uc_dropdown",
                "title": "Randomize",
                "name": "random",
                "description": "",
                "admin_label": "false",
                "options": {
                    "No": "false",
                    "Yes": "true"
                },
                "default_value": "false",
                "value": "false"
            },
            {
                "type": "uc_radioboolean",
                "title": "Text Direction",
                "name": "direction",
                "description": "",
                "admin_label": "false",
                "default_value": "ltr",
                "true_name": "LTR",
                "true_value": "ltr",
                "false_name": "RTL",
                "false_value": "rtl",
                "value": "ltr"
            },
            {
                "type": "uc_dropdown",
                "title": "Dots direction",
                "name": "dots_direction",
                "description": "",
                "admin_label": "false",
                "options": {
                    "Left to right": "left",
                    "Right to left": "right"
                },
                "default_value": "left",
                "value": "left"
            }
        ],
        "params_items": [
            {
                "type": "uc_textfield",
                "title": "Title",
                "name": "title",
                "description": "",
                "admin_label": "false",
                "default_value": "Jhon Doe",
                "font_editable": "true"
            },
            {
                "type": "uc_textfield",
                "title": "company",
                "name": "company",
                "description": "",
                "admin_label": "false",
                "default_value": "@company",
                "font_editable": "true"
            },
            {
                "type": "uc_image",
                "title": "Image",
                "name": "image",
                "description": "",
                "admin_label": "false",
                "add_thumb": "false",
                "add_thumb_large": "false",
                "default_value": "[url_assets]\/user.jpg"
            },
            {
                "type": "uc_textarea",
                "title": "Testemonial Text",
                "name": "testemonial_text",
                "description": "",
                "admin_label": "false",
                "default_value": "Lorem ipsum dolor sit amet, consectetur adipiscing elit. Nullam porttitor tortor turpis, vel semper massa hendrerit eu.",
                "font_editable": "true"
            }
        ],
        "includes": {
            "js": [
                {
                    "url": "responsive_testemonial_carousel\/responsive_testemonial_carousel.js",
                    "condition": ""
                }
            ],
            "jslib": [
                "jquery"
            ],
            "css": [
                {
                    "url": "responsive_testemonial_carousel\/responsive_testemonial_carousel.css",
                    "condition": ""
                }
            ]
        },
        "variables_item": "",
        "variables_main": ""
    },
    "templates": [
        "html",
        "html_item",
        "css",
        "js"
    ]
}