{
    "config": {
        "color": "#00bcd4",
        "border_radius": "0"
    },
    "items": [
        {
            "title": "Alex",
            "company": "@one",
            "image": "[url_assets]\/user.jpg",
            "testemonial_text": "Lorem ipsum dolor sit amet, consectetur adipiscing elit. Nullam porttitor tortor turpis, vel semper massa hendrerit eu."
        },
        {
            "title": "Ron",
            "company": "@two",
            "image": "[url_assets]\/userpics\/1.jpg",
            "testemonial_text": "Lorem ipsum dolor sit amet, consectetur adipiscing elit. Nullam porttitor tortor turpis, vel semper massa hendrerit eu."
        },
        {
            "title": "Kasey",
            "company": "@three",
            "image": "[url_assets]\/userpics\/3.jpg",
            "testemonial_text": "Lorem ipsum dolor sit amet, consectetur adipiscing elit. Nullam porttitor tortor turpis, vel semper massa hendrerit eu."
        },
        {
            "title": "Amber",
            "company": "@four",
            "image": "[url_assets]\/userpics\/4.jpg",
            "testemonial_text": "Lorem ipsum dolor sit amet, consectetur adipiscing elit. Nullam porttitor tortor turpis, vel semper massa hendrerit eu."
        },
        {
            "title": "Roxie",
            "company": "@five",
            "image": "[url_assets]\/userpics\/5.jpg",
            "testemonial_text": "Lorem ipsum dolor sit amet, consectetur adipiscing elit. Nullam porttitor tortor turpis, vel semper massa hendrerit eu."
        },
        {
            "title": "Flin",
            "company": "@six",
            "image": "[url_assets]\/userpics\/6.jpg",
            "testemonial_text": "Lorem ipsum dolor sit amet, consectetur adipiscing elit. Nullam porttitor tortor turpis, vel semper massa hendrerit eu."
        },
        {
            "title": "Rob",
            "company": "@seven",
            "image": "[url_assets]\/userpics\/7.jpg",
            "testemonial_text": "Lorem ipsum dolor sit amet, consectetur adipiscing elit. Nullam porttitor tortor turpis, vel semper massa hendrerit eu."
        }
    ]
}