{
    "addontype": "elementor",
    "cattitle": "Block Quotes",
    "name": "blox_material_blockquote_elementor",
    "alias": "blox_material_blockquote",
    "title": "Material Block Quote",
    "description": "",
    "config": {
        "options": {
            "enable_items": "true",
            "path_assets": "blox_material_blockquote",
            "description": "",
            "link_resource": "",
            "show_small_icon": "true",
            "preview_size_unite_selected_text": "Full Size",
            "preview_size": "full",
            "preview_custom_width": "",
            "preview_bgcol": "#ffffff",
            "is_free_addon": "true"
        },
        "params": [
            {
                "type": "uc_colorpicker",
                "title": "Primary Color",
                "name": "primary_color",
                "description": "",
                "admin_label": "false",
                "default_value": "#00cfeb",
                "value": "#00cfeb"
            }
        ],
        "params_items": [
            {
                "type": "uc_textfield",
                "title": "Title",
                "name": "title",
                "description": "",
                "admin_label": "false",
                "default_value": "- Gabby Salamone",
                "font_editable": "true"
            },
            {
                "type": "uc_textarea",
                "title": "Description",
                "name": "description",
                "description": "",
                "admin_label": "false",
                "default_value": "\u201cLorem ipsum dolor sit amet, consectetur adipiscing elit. Nulla pellentesque libero.\u201d",
                "font_editable": "true"
            },
            {
                "type": "uc_image",
                "title": "Image",
                "name": "image",
                "description": "",
                "admin_label": "false",
                "add_thumb": "false",
                "add_thumb_large": "false",
                "default_value": "[url_assets]\/pic.jpg"
            },
            {
                "type": "uc_icon",
                "title": "Icon Start",
                "name": "icon_start",
                "description": "",
                "admin_label": "false",
                "default_value": "fa fa-quote-left"
            },
            {
                "type": "uc_icon",
                "title": "Icon Finish",
                "name": "icon_finish",
                "description": "",
                "admin_label": "false",
                "default_value": "fa fa-quote-right"
            }
        ],
        "includes": {
            "js": [
                {
                    "url": "blox_material_blockquote\/slick.js",
                    "condition": ""
                }
            ],
            "jslib": [
                "jquery",
                "font-awsome"
            ],
            "css": [
                {
                    "url": "blox_material_blockquote\/blox-material-blockquote.css",
                    "condition": ""
                },
                {
                    "url": "blox_material_blockquote\/slick.css",
                    "condition": ""
                }
            ]
        },
        "variables_item": "",
        "variables_main": ""
    },
    "templates": [
        "html",
        "html_item",
        "js"
    ]
}